{
  "aliasName": "string",
  "companyId": "string",
  "companyRegistrationNumber": "string",
  "countryCode": "string",
  "customerGroupId": "string",
  "customerId": "string",
  "customerName": "string",
  "externalReference": "string",
  "invoice": {
    "calculatePayDiscountOnTax": true,
    "checkCreditOnHeadOffice": true,
    "creditLimit": 0,
    "currencyCode": "string",
    "discountCode": "string",
    "hasFixedCurrency": true,
    "hasFixedPaymentTerms": true,
    "hasFixedTaxSystem": true,
    "headOffice": "string",
    "isSundryCustomer": true,
    "languageCode": "string",
    "maxCreditDays": 0,
    "message": "string",
    "paymentPlanTemplateCode": "string",
    "paymentTermsId": "string",
    "supplierId": "string",
    "taxSystem": "string",
    "notificationMessages": {}
  },
  "lastUpdated": {
    "updatedAt": "2024-06-13T14:50:51.103Z",
    "updatedBy": "string",
    "notificationMessages": {}
  },
  "notes": "string",
  "payment": {
    "bankAccount": "string",
    "bankClearingCode": "string",
    "debtCollectionCode": "string",
    "expiryDate": "2024-06-13T14:50:51.103Z",
    "iban": "string",
    "otherAccount": "string",
    "payMethod": "string",
    "payRecipient": "string",
    "postalAccount": "string",
    "status": "Active",
    "swift": "string",
    "notificationMessages": {}
  },
  "vatRegistrationNumber": "string",
  "contactPoints": [
    {
      "additionalContactInfo": {
        "contactPerson": "string",
        "contactPosition": "string",
        "eMail": "string",
        "eMailCc": "string",
        "gtin": "string",
        "url": "string",
        "notificationMessages": {}
      },
      "address": {
        "countryCode": "string",
        "place": "string",
        "postcode": "string",
        "province": "string",
        "streetAddress": "string",
        "notificationMessages": {}
      },
      "contactPointType": "string",
      "lastUpdated": {
        "updatedAt": "2024-06-13T14:50:51.103Z",
        "updatedBy": "string",
        "notificationMessages": {}
      },
      "phoneNumbers": {
        "telephone1": "string",
        "telephone2": "string",
        "telephone3": "string",
        "telephone4": "string",
        "telephone5": "string",
        "telephone6": "string",
        "telephone7": "string",
        "notificationMessages": {}
      },
      "sortOrder": 0,
      "notificationMessages": {}
    }
  ],
  "customFieldGroups": {},
  "relatedValues": [
    {
      "unitValue": 0,
      "relationGroup": "string",
      "relationId": "string",
      "relationName": "string",
      "relatedValue": "string",
      "percentage": 0,
      "dateFrom": "2024-06-13T14:50:51.103Z",
      "dateTo": "2024-06-13T14:50:51.103Z",
      "notificationMessages": {}
    }
  ],
  "notificationMessages": {}
}