{
  "aliasName": "G123456",
  "customerId": "G123456",
  "companyId": "NUK",
  "countryCode": "GB",
  "customerGroupId": "10",
  "customerName": "Alice Smith",
  "externalReference": "G123456",
  "invoice": {
    "headOffice": "G123456"
  },
  "payment": {
    "status": "Active"
  },
  "contactPoints": [
    {
      "additionalContactInfo": {
        "eMail": "alice.smith@example.com"
      },
      "address": {
        "countryCode": "GB",
        "place": "Greenford",
        "postcode": "UB6 0HE",
        "province": "Greater London",
        "streetAddress": "891 Greenford Road"
      },
      "phoneNumbers": {
        "telephone1": "020 1234 5678"
      }
    }
  ],
  "relatedValues": [
    {
      "relationId": "AJ",
      "relatedValue": "15"
    }
  ]
}


-----------Output----------

{
  "customerName": "Y K Yadav3",
  "companyRegistrationNumber": "",
  "countryCode": "GB",
  "externalReference": "7Y",
  "aliasName": "YKY3",
  "companyId": "US1",
  "customerGroupId": "15",
  "customerId": "7Y",
  "invoice": {
    "calculatePayDiscountOnTax": false,
    "checkCreditOnHeadOffice": false,
    "creditLimit": 0.0,
    "currencyCode": "USD",
    "discountCode": "",
    "hasFixedCurrency": false,
    "hasFixedPaymentTerms": false,
    "hasFixedTaxSystem": false,
    "headOffice": "AGENT",
    "isSundryCustomer": false,
    "languageCode": "EN",
    "maxCreditDays": 0,
    "message": "",
    "paymentPlanTemplateCode": "",
    "paymentTermsId": "1",
    "supplierId": "",
    "taxSystem": ""
  },
  "lastUpdated": {
    "updatedAt": "2025-07-15T19:33:25.000",
    "updatedBy": "U4INTEGRA1"
  },
  "notes": "",
  "payment": {
    "bankAccount": "0",
    "bankClearingCode": "",
    "debtCollectionCode": "02",
    "expiryDate": "1900-01-01T00:00:00.000",
    "iban": "",
    "otherAccount": "",
    "payMethod": "IP",
    "payRecipient": "",
    "postalAccount": "0",
    "status": "Active",
    "swift": ""
  },
  "vatRegistrationNumber": "",
  "contactPoints": [
    {
      "address": {
        "countryCode": "GB",
        "place": "Noida",
        "postcode": "201302",
        "province": "Uttar Pradesh",
        "streetAddress": "YKY3 Sector 67 "
      },
      "additionalContactInfo": {
        "contactPerson": "",
        "contactPosition": "",
        "eMail": "yk.y3@test.com",
        "eMailCc": "",
        "gtin": "",
        "url": ""
      },
      "contactPointType": "1",
      "lastUpdated": {
        "updatedAt": "2025-07-15T19:33:25.000",
        "updatedBy": "U4INTEGRA1"
      },
      "phoneNumbers": {
        "telephone1": "020 1234 5678",
        "telephone2": "",
        "telephone3": "",
        "telephone4": "",
        "telephone5": "",
        "telephone6": "",
        "telephone7": ""
      },
      "sortOrder": 0
    }
  ],
  "customFieldGroups": {
    "custdet": []
  },
  "relatedValues": [
    {
      "percentage": 100.0,
      "dateFrom": "1900-01-01T00:00:00.000",
      "dateTo": "2099-12-31T00:00:00.000",
      "unitValue": 0.0,
      "relationGroup": "",
      "relationId": "AJ",
      "relationName": "CUSTGRP",
      "relatedValue": "15"
    }
  ]
}