{
  "ID": 88,
  "ContactID": 12345,
  "Account": "",
  "Accountable": "",
  "Address": "",
  "AllocationKey": "",
  "Amount": 925000,
  "AmountSet": 1,
  "AparId": "G123456",
  "AparIdRef": "",
  "Aparame": "",
  "ArtDescr": "BSc (Hons) Business and Tourism Management with Foundation Year",
  "Article": "CCCBSCBUSTMF",
  "Att1Id": "C1",
  "Att2Id": "",
  "Att3Id": "",
  "Att4Id": "ZB28",
  "Att5Id": "",
  "Att6Id": "",
  "Att7Id": "A28",
  "BankAccount": "",
  "BatchId": "",
  "Client": "NUK",
  "ClientRef": "",
  "ConfirmDate": 20231119,
  "Control": "",
  "CurAmount": 925000,
  "Currency": "GBP",
  "DetMetDescr": "",
  "DelTermDescr": "",
  "DelivAddr": "",
  "DelivAttention": "",
  "DelivCountr": "",
  "DelivDate": 20231119,
  "DelivMethod": "",
  "DelivTerms": "",
  "Dim1": 1030000,
  "Dim2": "Foundation",
  "Dim3": "CCCBSCBUSTMF",
  "Dim4": "380",
  "Dim5": "2023-24",
  "Dim6": "Foundation",
  "Dim7": "GBS",
  "DimValue1": 1010000,
  "DimValue2": "",
  "DimValue3": "",
  "DimValue4": "",
  "DimValue5": "",
  "DimValue6": "",
  "DimValue7": "GBS",
  "Discount": "",
  "DiscPercent": "",
  "Ean": "",
  "ExchRate": "",
  "ExtOrdRef": "X88",
  "IntRuleId": "02",
  "LineNo": 1,
  "Location": "",
  "LongInfo1": "",
  "LongInfo2": "",
  "Lot": "",
  "MainAparId": "G123456",
  "MarkAttention": "",
  "MarkCtryCd": "GB",
  "Markings": "",
  "ObsDate": 20231119,
  "OrderDate": 20231119,
  "OrderId": 88,
  "OrderType": 22,
  "PayMethod": "",
  "PayTempId": 10,
  "Period": "",
  "Place": "",
  "Province": "",
  "RelValue": "",
  "Responsible": "ANTHOLOGY",
  "Responsible2": "ANTHOLOGY",
  "SequenceNo": 1,
  "SequenceRef": "",
  "SerialNo": "",
  "ShortInfo": "",
  "Status": "N",
  "SupArticle": "",
  "TaxCode": "",
  "TaxSystem": "",
  "TemplateId": "",
  "TermsId": "",
  "Text1": "",
  "Text2": "",
  "Text3": "",
  "Text4": "",
  "TransType": 42,
  "UnitCode": "UN",
  "UnitDescr": "",
  "UnitPrice": "",
  "Value1": 100,
  "VoucherRef": "",
  "VoucherType": 19,
  "Warehouse": "",
  "ZipCode": ""
}
