[
  {
    "BatchId": "",
    "Interface": "BI",
    "VoucherType": 25,
    "TransType": "AR",
    "Client": "NUK",
    "Account": 181010,
    "Dim1": 1010000,
    "Dim2": "",
    "Dim3": "",
    "Dim4": "340",
    "Dim5": "",
    "Dim6": "",
    "Dim7": "",
    "TaxCode": 0,
    "TaxSystem": "",
    "Currency": "GBP",
    "DcFlag": "",
    "CurAmount": -925000,
    "Amount": -925000,
    "Number1": "",
    "Value1": "",
    "Value2": "",
    "Value3": "",
    "Description": "Term 1 remittance",
    "TransDate": 20240522,
    "VoucherDate": 20240522,
    "VoucherNo": "",
    "Period": "",
    "TaxId": "",
    "ExtInvRef": "163547",
    "ExtRef": "",
    "DueDate": "",
    "DiscDate": "",
    "Discount": "",
    "Commitment": "",
    "OrderId": 163547,
    "Kid": "",
    "PayTransfer": "",
    "Status": "N",
    "Apar_Type": "R",
    "AparId": "G123456",
    "PayFlag": "",
    "VoucherRef": "",
    "SequenceRef": "",
    "IntRuleId": "",
    "FactorShort": "",
    "Responsible": "",
    "AparName": "",
    "Address": "",
    "Province": "",
    "Place": "",
    "BankAccount": "",
    "PayMethod": "",
    "VatRegNo": "",
    "ZipCode": "",
    "CurrLicence": "",
    "Account2": "",
    "BaseAmount": "",
    "BaseCurr": "",
    "PayTempId": "",
    "AllocationKey": "",
    "PeriodNo": "",
    "Swift": "",
    "ArriveId": "",
    "BankAccType": "",
    "PayCurrency": "",
    "ArrivalDate": "",
    "OrigReference": "",
    "Complaint": "",
    "ComplDelay": "",
    "IntRuleId__1": ""
  },
  {
    "BatchId": "",
    "Interface": "BI",
    "VoucherType": 25,
    "TransType": "GL",
    "Client": "NUK",
    "Account": 191040,
    "Dim1": 1010000,
    "Dim2": "",
    "Dim3": "",
    "Dim4": "340",
    "Dim5": "",
    "Dim6": "",
    "Dim7": "",
    "TaxCode": 0,
    "TaxSystem": "",
    "Currency": "GBP",
    "DcFlag": "",
    "CurAmount": 925000,
    "Amount": 925000,
    "Number1": "",
    "Value1": "",
    "Value2": "",
    "Value3": "",
    "Description": "Receipts from Thesis",
    "TransDate": 20240522,
    "VoucherDate": 20240522,
    "VoucherNo": "",
    "Period": "",
    "TaxId": "",
    "ExtInvRef": "",
    "ExtRef": "",
    "DueDate": "",
    "DiscDate": "",
    "Discount": "",
    "Commitment": "",
    "OrderId": 0,
    "Kid": "",
    "PayTransfer": "",
    "Status": "N",
    "Apar_Type": "R",
    "AparId": "G123456",
    "PayFlag": "",
    "VoucherRef": "",
    "SequenceRef": "",
    "IntRuleId": "",
    "FactorShort": "",
    "Responsible": "",
    "AparName": "",
    "Address": "",
    "Province": "",
    "Place": "",
    "BankAccount": "",
    "PayMethod": "",
    "VatRegNo": "",
    "ZipCode": "",
    "CurrLicence": "",
    "Account2": "",
    "BaseAmount": "",
    "BaseCurr": "",
    "PayTempId": "",
    "AllocationKey": "",
    "PeriodNo": "",
    "Swift": "",
    "ArriveId": "",
    "BankAccType": "",
    "PayCurrency": "",
    "ArrivalDate": "",
    "OrigReference": "",
    "Complaint": "",
    "ComplDelay": "",
    "IntRuleId__1": ""
  }
]