{
	"info": {
		"_postman_id": "9a202071-18f2-4a4a-9c43-51551f2983db",
		"name": "Unit4",
		"schema": "https://schema.getpostman.com/json/collection/v2.1.0/collection.json",
		"_exporter_id": "4843711"
	},
	"item": [
		{
			"name": "Customers",
			"item": [
				{
					"name": "Create Customer",
					"request": {
						"auth": {
							"type": "basic",
							"basic": [
								{
									"key": "password",
									"value": "{{password}}",
									"type": "string"
								},
								{
									"key": "username",
									"value": "{{username}}",
									"type": "string"
								}
							]
						},
						"method": "POST",
						"header": [
							{
								"key": "Content-Type",
								"value": "application/json",
								"type": "text"
							}
						],
						"body": {
							"mode": "raw",
							"raw": "{\r\n  \"aliasName\": \"G46267\",\r\n  \"customerId\": \"G46267\",\r\n  \"companyId\": \"NUK\",\r\n  \"countryCode\": \"GB\",\r\n  \"customerGroupId\": \"10\",\r\n  \"customerName\": \"Alice Smith\",\r\n  \"externalReference\": \"G46267\",\r\n  \"invoice\": {\r\n    \"headOffice\": \"G46267\"\r\n  },\r\n  \"payment\": {\r\n    \"status\": \"Active\"\r\n  },\r\n  \"contactPoints\": [\r\n    {\r\n      \"additionalContactInfo\": {\r\n        \"eMail\": \"alice.smith@example.com\"\r\n      },\r\n      \"address\": {\r\n        \"countryCode\": \"GB\",\r\n        \"place\": \"Greenford\",\r\n        \"postcode\": \"UB6 0HE\",\r\n        \"province\": \"Greater London\",\r\n        \"streetAddress\": \"891 Greenford Road\"\r\n      },\r\n      \"phoneNumbers\": {\r\n        \"telephone1\": \"020 1234 5678\"\r\n      }\r\n    }\r\n  ]\r\n}",
							"options": {
								"raw": {
									"language": "json"
								}
							}
						},
						"url": {
							"raw": "{{baseurl}}/v1/customers",
							"host": [
								"{{baseurl}}"
							],
							"path": [
								"v1",
								"customers"
							]
						}
					},
					"response": []
				},
				{
					"name": "Get Customer",
					"protocolProfileBehavior": {
						"disableBodyPruning": true
					},
					"request": {
						"auth": {
							"type": "basic",
							"basic": [
								{
									"key": "password",
									"value": "{{password}}",
									"type": "string"
								},
								{
									"key": "username",
									"value": "{{username}}",
									"type": "string"
								}
							]
						},
						"method": "GET",
						"header": [
							{
								"key": "Content-Type",
								"value": "application/json",
								"type": "text"
							}
						],
						"body": {
							"mode": "raw",
							"raw": "",
							"options": {
								"raw": {
									"language": "json"
								}
							}
						},
						"url": {
							"raw": "{{baseurl}}/v1/customers/G46267",
							"host": [
								"{{baseurl}}"
							],
							"path": [
								"v1",
								"customers",
								"G46267"
							]
						}
					},
					"response": []
				},
				{
					"name": "Create Customer Copy",
					"request": {
						"auth": {
							"type": "basic",
							"basic": [
								{
									"key": "password",
									"value": "{{password}}",
									"type": "string"
								},
								{
									"key": "username",
									"value": "{{username}}",
									"type": "string"
								}
							]
						},
						"method": "POST",
						"header": [
							{
								"key": "Content-Type",
								"value": "application/json",
								"type": "text"
							}
						],
						"body": {
							"mode": "raw",
							"raw": "{\r\n  \"aliasName\": \"G123456788\",\r\n  \"customerId\": \"G123456788\",\r\n  \"companyId\": \"NUK\",\r\n  \"countryCode\": \"GB\",\r\n  \"customerGroupId\": \"10\",\r\n  \"customerName\": \"Alice Smith\",\r\n  \"externalReference\": \"G123456788\",\r\n  \"invoice\": {\r\n    \"headOffice\": \"G123456788\"\r\n  },\r\n  \"payment\": {\r\n    \"status\": \"Active\"\r\n  },\r\n  \"contactPoints\": [\r\n    {\r\n      \"additionalContactInfo\": {\r\n        \"eMail\": \"alice.smith@example.com\"\r\n      },\r\n      \"address\": {\r\n        \"countryCode\": \"GB\",\r\n        \"place\": \"Greenford\",\r\n        \"postcode\": \"UB6 0HE\",\r\n        \"province\": \"Greater London\",\r\n        \"streetAddress\": \"891 Greenford Road\"\r\n      },\r\n      \"phoneNumbers\": {\r\n        \"telephone1\": \"020 1234 5678\"\r\n      }\r\n    }\r\n  ]\r\n}",
							"options": {
								"raw": {
									"language": "json"
								}
							}
						},
						"url": {
							"raw": "{{baseurl}}/v1/customers",
							"host": [
								"{{baseurl}}"
							],
							"path": [
								"v1",
								"customers"
							]
						}
					},
					"response": []
				}
			]
		},
		{
			"name": "Objects",
			"item": [
				{
					"name": "Get Customer-Transactions",
					"protocolProfileBehavior": {
						"disableBodyPruning": true
					},
					"request": {
						"auth": {
							"type": "basic",
							"basic": [
								{
									"key": "password",
									"value": "{{password}}",
									"type": "string"
								},
								{
									"key": "username",
									"value": "{{username}}",
									"type": "string"
								}
							]
						},
						"method": "GET",
						"header": [],
						"body": {
							"mode": "raw",
							"raw": "",
							"options": {
								"raw": {
									"language": "json"
								}
							}
						},
						"url": {
							"raw": "{{baseurl}}/v1/objects/customer-transactions?unmatchedCustomerInvoices=true&filter=(invoice.customerId==1000005)",
							"host": [
								"{{baseurl}}"
							],
							"path": [
								"v1",
								"objects",
								"customer-transactions"
							],
							"query": [
								{
									"key": "unmatchedCustomerInvoices",
									"value": "true"
								},
								{
									"key": "filter",
									"value": "(invoice.customerId==1000005)"
								}
							]
						}
					},
					"response": []
				}
			]
		},
		{
			"name": "Exchange Rates",
			"item": [
				{
					"name": "Get Exchange Rates",
					"request": {
						"auth": {
							"type": "basic",
							"basic": [
								{
									"key": "password",
									"value": "{{password}}",
									"type": "string"
								},
								{
									"key": "username",
									"value": "{{username}}",
									"type": "string"
								}
							]
						},
						"method": "GET",
						"header": [],
						"url": {
							"raw": "{{baseurl}}/v1/query/exchange-rates-entry",
							"host": [
								"{{baseurl}}"
							],
							"path": [
								"v1",
								"query",
								"exchange-rates-entry"
							]
						}
					},
					"response": []
				}
			]
		}
	]
}