{
  "IsEncrypted": false,
  "Values": {
    "AzureWebJobsStorage": "UseDevelopmentStorage=true",
    "FUNCTIONS_WORKER_RUNTIME": "dotnet-isolated",
    "FunctionSchedule": "0 */30 * * * *",
    "thesis_dbconnectionstring": "",
    "APPLICATIONINSIGHTS_CONNECTION_STRING": "",
    "ThesisConfig:BaseUrl": "",
    "ThesisConfig:LoginUri": "",
    "ThesisConfig:Username": "",
    "ThesisConfig:Password": "",
    "Unit4Api:BaseUrl": "https://ubw-preview.unit4cloud.com/uk_glb_prev_webapi/v1/",
    "Unit4Api:Username": "",
    "Unit4Api:Password": "",
    "SftpConfig:Hostname": "uks-gateway.unit4cloud.com",
    "SftpConfig:Port": "41667",
    "SftpConfig:Username": "",
    "SftpConfig:Password": "",
    "FeatureFlags:FunctionEnabled": true
  }
}