{
    "IsEncrypted": false,
  "Values": {
    //"AzureWebJobsStorage": "UseDevelopmentStorage=true",

    "AzureWebJobsStorage": "DefaultEndpointsProtocol=https;AccountName=u4data;AccountKey=qosZ+LRmDfn+hvmUSNWH66rsxEVBAYakiAStJofSSyo1Jx3b22ocTgak9TJ0KbRzEuVv+P2oRomX+AStq3T+Hg==;EndpointSuffix=core.windows.net",
    // "AzureWebJobsStorage": "DefaultEndpointsProtocol=https;AccountName=produ4data;AccountKey=e5MuTPYIRtLpuUOSYMFBKHDGXOdAL6q7HkRuwuQ+2yVuDCyC2Rg8O+RcBD4Mv1PXK3cVf9fuo03A+AStDFf9jA==;EndpointSuffix=core.windows.net",
    "FUNCTIONS_WORKER_RUNTIME": "dotnet-isolated",
    "FunctionSchedule": "0 */01 * * * *",
    //"FunctionSchedule": "0 18 16 * * *",
    //"AnthologyConfig:Payment": "https://sisclientweb-test-101053.campusnexus.cloud/ds/campusnexus/StudentAccountTransactions?$filter=(Type eq 'P') and (CreatedDateTime gt {currentDate})&$select=StudentId,ReceiptNumber,AcademicYearSequence,Type,Source,PaymentType,AmountPaid,Reference,CheckNumber,Id,PostDate,TransactionNumber,TransactionAmount,CreatedDateTime,BillingTransactionCode,Status,Description,TransactionDate,RefundId,ReceiptPrintedDate&$expand=Term($select=Id,Name),Campus($select=Id,Name,Code),Student($select=Id,StudentNumber,ArBalance;$expand=AgencyBranches($select=Id;$expand=AgencyBranch($select=Id,Name;$expand=Agency($select=Id,Code,Name)))),StudentEnrollmentPeriod($select=Id,EnrollmentNumber,AccountReceivableBalance;$expand=ProgramVersion($select=Id,Code,Name;$expand=Degree($select=Id,Name)),GradeScale($select=Id,Code,Name),AcademicYears($select=Id,AcademicYearId,Sequence,StartDate,EndDate,FirstAwardYear),ExtendedProperties($select=Name,StringValue)),BankAccount($select=AccountName,Currency,AccountNumber,GlCreditAccount,GlDebitAccount),ExtendedProperties($select=Name,StringValue),StudentAward($select=Id;$expand=FundSource($select=Code,Name))",
    // "AnthologyConfig:Payment": "https://sisclientweb-test-101053.campusnexus.cloud/ds/campusnexus/StudentAccountTransactions?$filter=(Type eq 'P') and (CreatedDateTime gt 2025-02-11T00:00:00Z) and (Student/StudentNumber eq '00091844')&$select=StudentId,ReceiptNumber,AcademicYearSequence,Type,Source,PaymentType,AmountPaid,Reference,CheckNumber,Id,PostDate,TransactionNumber,TransactionAmount,BillingTransactionCode,Status,Description,TransactionDate,LastModifiedDateTime,CreatedDateTime,ReceiptPrintedDate&$expand=Term($select=Id,Name),Campus($select=Id,Name,Code),Student($select=Id,StudentNumber,ArBalance;$expand=AgencyBranches($select=Id;$expand=AgencyBranch($select=Id,Name;$expand=Agency($select=Id,Code,Name)))),StudentEnrollmentPeriod($select=Id,EnrollmentNumber,AccountReceivableBalance;$expand=ProgramVersion($select=Id,Code,Name;$expand=Degree($select=Id,Name)),GradeScale($select=Id,Code,Name),AcademicYears($select=Id,AcademicYearId,Sequence,StartDate,EndDate,FirstAwardYear),ExtendedProperties($select=Name,StringValue)),BankAccount($select=AccountName,Currency,AccountNumber,GlCreditAccount,GlDebitAccount),ExtendedProperties($select=Name,StringValue),StudentAward($select=Id;$expand=FundSource($select=Code,Name))",

    "AnthologyConfig:Payment": "https://sisclientweb-101053.campusnexus.cloud/ds/campusnexus/StudentAccountTransactions?$filter=(Type eq 'P') and (CreatedDateTime gt {currentDate})&$select=StudentId,ReceiptNumber,AcademicYearSequence,Type,Source,PaymentType,AmountPaid,Reference,CheckNumber,Id,PostDate,TransactionNumber,TransactionAmount,CreatedDateTime,BillingTransactionCode,Status,Description,TransactionDate,RefundId,ReceiptPrintedDate&$expand=Term($select=Id,Name),Campus($select=Id,Name,Code),Student($select=Id,StudentNumber,ArBalance;$expand=AgencyBranches($select=Id;$expand=AgencyBranch($select=Id,Name;$expand=Agency($select=Id,Code,Name)))),StudentEnrollmentPeriod($select=Id,EnrollmentNumber,AccountReceivableBalance;$expand=ProgramVersion($select=Id,Code,Name;$expand=Degree($select=Id,Name)),GradeScale($select=Id,Code,Name),AcademicYears($select=Id,AcademicYearId,Sequence,StartDate,EndDate,FirstAwardYear),ExtendedProperties($select=Name,StringValue)),BankAccount($select=AccountName,Currency,AccountNumber,GlCreditAccount,GlDebitAccount),ExtendedProperties($select=Name,StringValue)",
    "AnthologyConfig:PaymentFA": "https://sisclientweb-101053.campusnexus.cloud/ds/campusnexus/StudentAccountTransactions?$filter=(Type eq 'P') and (CreatedDateTime gt {currentDate})&$select=StudentId,ReceiptNumber,AcademicYearSequence,Type,Source,PaymentType,AmountPaid,Reference,CheckNumber,Id,PostDate,TransactionNumber,TransactionAmount,CreatedDateTime,BillingTransactionCode,Status,Description,TransactionDate,RefundId,ReceiptPrintedDate&$expand=Term($select=Id,Name),Campus($select=Id,Name,Code),Student($select=Id,StudentNumber,ArBalance;$expand=AgencyBranches($select=Id;$expand=AgencyBranch($select=Id,Name;$expand=Agency($select=Id,Code,Name)))),StudentEnrollmentPeriod($select=Id,EnrollmentNumber,AccountReceivableBalance;$expand=ProgramVersion($select=Id,Code,Name;$expand=Degree($select=Id,Name)),GradeScale($select=Id,Code,Name),AcademicYears($select=Id,AcademicYearId,Sequence,StartDate,EndDate,FirstAwardYear),ExtendedProperties($select=Name,StringValue)),BankAccount($select=AccountName,Currency,AccountNumber,GlCreditAccount,GlDebitAccount),ExtendedProperties($select=Name,StringValue),StudentAward($select=Id;$expand=FundSource($select=Code,Name))",

    //"AnthologyConfig:Payment": "https://sisclientweb-test-101053.campusnexus.cloud/ds/campusnexus/StudentAccountTransactions?$filter=(Type eq 'P') and (CreatedDateTime gt 2025-08-05T00:00:00Z) and (Student/StudentNumber eq '00093335')&$select=StudentId,ReceiptNumber,AcademicYearSequence,Type,Source,PaymentType,AmountPaid,Reference,CheckNumber,Id,PostDate,TransactionNumber,TransactionAmount,CreatedDateTime,BillingTransactionCode,Status,Description,TransactionDate,RefundId,ReceiptPrintedDate&$expand=Term($select=Id,Name),Campus($select=Id,Name,Code),Student($select=Id,StudentNumber,ArBalance;$expand=AgencyBranches($select=Id;$expand=AgencyBranch($select=Id,Name;$expand=Agency($select=Id,Code,Name)))),StudentEnrollmentPeriod($select=Id,EnrollmentNumber,AccountReceivableBalance;$expand=ProgramVersion($select=Id,Code,Name;$expand=Degree($select=Id,Name)),GradeScale($select=Id,Code,Name),AcademicYears($select=Id,AcademicYearId,Sequence,StartDate,EndDate,FirstAwardYear),ExtendedProperties($select=Name,StringValue)),BankAccount($select=AccountName,Currency,AccountNumber,GlCreditAccount,GlDebitAccount),ExtendedProperties($select=Name,StringValue)",
    //"AnthologyConfig:PaymentFA": "https://sisclientweb-test-101053.campusnexus.cloud/ds/campusnexus/StudentAccountTransactions?$filter=(Type eq 'P') and (CreatedDateTime gt 2025-08-05T00:00:00Z) and (Student/StudentNumber eq '00093335')&$select=StudentId,ReceiptNumber,AcademicYearSequence,Type,Source,PaymentType,AmountPaid,Reference,CheckNumber,Id,PostDate,TransactionNumber,TransactionAmount,CreatedDateTime,BillingTransactionCode,Status,Description,TransactionDate,RefundId,ReceiptPrintedDate&$expand=Term($select=Id,Name),Campus($select=Id,Name,Code),Student($select=Id,StudentNumber,ArBalance;$expand=AgencyBranches($select=Id;$expand=AgencyBranch($select=Id,Name;$expand=Agency($select=Id,Code,Name)))),StudentEnrollmentPeriod($select=Id,EnrollmentNumber,AccountReceivableBalance;$expand=ProgramVersion($select=Id,Code,Name;$expand=Degree($select=Id,Name)),GradeScale($select=Id,Code,Name),AcademicYears($select=Id,AcademicYearId,Sequence,StartDate,EndDate,FirstAwardYear),ExtendedProperties($select=Name,StringValue)),BankAccount($select=AccountName,Currency,AccountNumber,GlCreditAccount,GlDebitAccount),ExtendedProperties($select=Name,StringValue),StudentAward($select=Id;$expand=FundSource($select=Code,Name))",


    // Prod API
    //"AnthologyConfig:Payment": "https://sisclientweb-101053.campusnexus.cloud/ds/campusnexus/StudentAccountTransactions?$filter=(Type eq 'P') and (CreatedDateTime gt {currentDate})&$select=StudentId,ReceiptNumber,AcademicYearSequence,Type,Source,PaymentType,AmountPaid,Reference,CheckNumber,Id,PostDate,TransactionNumber,TransactionAmount,CreatedDateTime,BillingTransactionCode,Status,Description,TransactionDate,RefundId,ReceiptPrintedDate&$expand=Term($select=Id,Name),Campus($select=Id,Name,Code),Student($select=Id,StudentNumber,ArBalance;$expand=AgencyBranches($select=Id;$expand=AgencyBranch($select=Id,Name;$expand=Agency($select=Id,Code,Name)))),StudentEnrollmentPeriod($select=Id,EnrollmentNumber,AccountReceivableBalance;$expand=ProgramVersion($select=Id,Code,Name;$expand=Degree($select=Id,Name)),GradeScale($select=Id,Code,Name),AcademicYears($select=Id,AcademicYearId,Sequence,StartDate,EndDate,FirstAwardYear),ExtendedProperties($select=Name,StringValue)),BankAccount($select=AccountName,Currency,AccountNumber,GlCreditAccount,GlDebitAccount),ExtendedProperties($select=Name,StringValue)",
    //"AnthologyConfig:PaymentFA": "https://sisclientweb-101053.campusnexus.cloud/ds/campusnexus/StudentAccountTransactions?$filter=(Type eq 'P') and (CreatedDateTime gt {currentDate})&$select=StudentId,ReceiptNumber,AcademicYearSequence,Type,Source,PaymentType,AmountPaid,Reference,CheckNumber,Id,PostDate,TransactionNumber,TransactionAmount,CreatedDateTime,BillingTransactionCode,Status,Description,TransactionDate,RefundId,ReceiptPrintedDate&$expand=Term($select=Id,Name),Campus($select=Id,Name,Code),Student($select=Id,StudentNumber,ArBalance;$expand=AgencyBranches($select=Id;$expand=AgencyBranch($select=Id,Name;$expand=Agency($select=Id,Code,Name)))),StudentEnrollmentPeriod($select=Id,EnrollmentNumber,AccountReceivableBalance;$expand=ProgramVersion($select=Id,Code,Name;$expand=Degree($select=Id,Name)),GradeScale($select=Id,Code,Name),AcademicYears($select=Id,AcademicYearId,Sequence,StartDate,EndDate,FirstAwardYear),ExtendedProperties($select=Name,StringValue)),BankAccount($select=AccountName,Currency,AccountNumber,GlCreditAccount,GlDebitAccount),ExtendedProperties($select=Name,StringValue),StudentAward($select=Id;$expand=FundSource($select=Code,Name))",

    "Creden:AnthologyUsername": "yogendra.yadav@ext.schiller.edu",
    "Creden:AnthologyPassword": "Varun@!988",
    //preview
    //"Unit4Api:BaseUrl": "https://ubw-preview.unit4cloud.com/uk_glb_prev_webapi/v1/customers",
    //"Unit4Api:BaseUrl2": "https://ubw-preview.unit4cloud.com/uk_glb_prev_webapi/v1",

    //accept01
    "Unit4Api:BaseUrl": "https://ubw-accept01.unit4cloud.com/uk_glb_acpt_webapi/v1/customers?companyId=US1",
    "Unit4Api:BaseUrl2": "https://ubw-accept01.unit4cloud.com/uk_glb_acpt_webapi/v1",

    "Creden:Unit4Username": "U4INTEGRA1",
    "Creden:Unit4Password": "poHq7WJn2wDzcF",

    //Sftp Dev Environment
    "SftpConfig:Hostname": "sftptestunit4.blob.core.windows.net",
    "SftpConfig:Port": "22",
    "SftpConfig:Username": "sftptestunit4.sftpadmin",
    "SftpConfig:Password": "O2F4OuKtkaYE0d2/G6F/eY6egpxjSrvQ",

    //Sftp Prod Test Environment
    //"SftpConfig:Hostname": "prodsftptestunit4.blob.core.windows.net",
    //"SftpConfig:Port": "22",
    //"SftpConfig:Username": "prodsftptestunit4.sftpadmin",
    //"SftpConfig:Password": "rKI5iGbWacbYXffJw4Ld35BLd93NfjkL",

    //Sftp Preview Environment
    //"SftpConfig:Hostname": "uks-gateway.unit4cloud.com",
    //"SftpConfig:Port": "41667",
    //"SftpConfig:Username": "SFTP-IMP-glb-prev",
    //"SftpConfig:Password": "uMH.t52,XzhkUGPg(VmA",

    //Sftp Acpt01 Environment
    //"SftpConfig:Hostname": "uks-gateway.unit4cloud.com",
    //"SftpConfig:Port": "41667",
    //"SftpConfig:Username": "SFTP-IMP-glb-acpt",
    //"SftpConfig:Password": "e&d)7JgjhyGQ+tC*4pFP",

    //Sftp UAT Envirionment
    //"SftpConfig:Hostname": "uks-gateway.unit4cloud.com",
    //"SftpConfig:Port": "41667",
    //"SftpConfig:Username": "SFTP-CF1-UK-GLB-ACP2",
    //"SftpConfig:Password": "tFRoOflG.rKxwINhHAX3C",

    "FeatureFlags:FunctionEnabled": true,
    "Storage:StorageAccountConnectionString": "DefaultEndpointsProtocol=https;AccountName=u4data;AccountKey=qosZ+LRmDfn+hvmUSNWH66rsxEVBAYakiAStJofSSyo1Jx3b22ocTgak9TJ0KbRzEuVv+P2oRomX+AStq3T+Hg==;EndpointSuffix=core.windows.net",
    //"Storage:StorageAccountConnectionString": "DefaultEndpointsProtocol=https;AccountName=produ4data;AccountKey=e5MuTPYIRtLpuUOSYMFBKHDGXOdAL6q7HkRuwuQ+2yVuDCyC2Rg8O+RcBD4Mv1PXK3cVf9fuo03A+AStDFf9jA==;EndpointSuffix=core.windows.net",
    "File:CreateFileContainer": "createfile",
    "Log:LogFileContainer": "logfile",
    "UnmatchCustomer:UnmatchCustomerContainer": "unmatchcustomerfile",
    //Gl07 fix values
    "Gl07Values:BaseBatchId": "SCHGL07",
    "Gl07Values:AparType": "R",
    "Gl07Values:Interface": "BI",
    "Gl07Values:VoucherType": "25",
    "Gl07Values:Client": "US1",
    "Gl07Values:TaxCode": "0",
    "Gl07Values:Status": "N",
    "Gl07Values:TransTypeHeader": "AR",
    "Gl07Values:TransTypeValue": "GL",
    "Gl07Values:AccountDebt": "181010",
    "Gl07Values:AccountBank": "191040",

    //Mail setting
    "Mail:RecipientEmails": "yyadav1@geduservices.com,1vkyadav@geduservices.com,1vaggarwal@geduservices.com,vbkumar@geduservices.com",
    "Mail:Subject": "Error occurred in Student/Customer addition in Unit4",
    "Mail:MailServer": "smtp.office365.com",
    "Mail:MailPort": "587",
    "Mail:SenderEmail": "unit4logs@geduservices.com",
    "Mail:SenderPassword": "Unit4@123"
  }
}