{
  "IsEncrypted": false,
  "Values": {
    "AzureWebJobsStorage": "DefaultEndpointsProtocol=https;AccountName=u4data;AccountKey=qosZ+LRmDfn+hvmUSNWH66rsxEVBAYakiAStJofSSyo1Jx3b22ocTgak9TJ0KbRzEuVv+P2oRomX+AStq3T+Hg==;EndpointSuffix=core.windows.net",
    "FUNCTIONS_WORKER_RUNTIME": "dotnet-isolated",
    "FunctionSchedule": "0 */01 * * * *",
    "AnthologyConfig:Students": "https://sisclientapi-prod-101053.campusnexus.cloud/StudentFinanceIntegration/StudentBankAccount?key=61D09893F0F394D3F0349ED837DCEFCD60503AC65021C9B6059A2955317988F0&dateAdded=",

    "AnthologyConfig:Charges": "https://sisclientweb-test-101053.campusnexus.cloud/ds/campusnexus/StudentAccountTransactions?$filter=(Type eq 'I' or Type eq 'C' or Type eq 'D' or Type eq 'P') and (CreatedDateTime gt 2025-10-15T00:00:00Z) and (Student/StudentNumber eq '00092448' or Student/StudentNumber eq '00097712' or Student/StudentNumber eq '00055690')&$select=StudentId,ReceiptNumber,AcademicYearSequence,Type,Source,PaymentType,AmountPaid,Reference,CheckNumber,Id,PostDate,TransactionNumber,TransactionAmount,BillingTransactionCode,Status,Description,TransactionDate,LastModifiedDateTime,CreatedDateTime,ReceiptPrintedDate&$expand=Term($select=Id,Name),Campus($select=Id,Name,Code),Student($select=Id,StudentNumber,ArBalance;$expand=AgencyBranches($select=Id;$expand=AgencyBranch($select=Id,Name;$expand=Agency($select=Id,Code,Name)))),StudentEnrollmentPeriod($select=Id,EnrollmentNumber,AccountReceivableBalance;$expand=ProgramVersion($select=Id,Code,Name;$expand=Degree($select=Id,Name)),GradeScale($select=Id,Code,Name),AcademicYears($select=Id,AcademicYearId,Sequence,StartDate,EndDate,FirstAwardYear),ExtendedProperties($select=Name,StringValue)),BankAccount($select=AccountName,Currency,AccountNumber,GlCreditAccount,GlDebitAccount),ExtendedProperties($select=Name,StringValue)",
    "AnthologyConfig:ChargesFA": "https://sisclientweb-test-101053.campusnexus.cloud/ds/campusnexus/StudentAccountTransactions?$filter=(Type eq 'I' or Type eq 'C' or Type eq 'D' or Type eq 'P') and (CreatedDateTime gt 2025-10-15T00:00:00Z) and (Student/StudentNumber eq '00092448' or Student/StudentNumber eq '00097712' or Student/StudentNumber eq '00055690')&$select=StudentId,ReceiptNumber,AcademicYearSequence,Type,Source,PaymentType,AmountPaid,Reference,CheckNumber,Id,PostDate,TransactionNumber,TransactionAmount,BillingTransactionCode,Status,Description,TransactionDate,LastModifiedDateTime,CreatedDateTime,ReceiptPrintedDate&$expand=Term($select=Id,Name),Campus($select=Id,Name,Code),Student($select=Id,StudentNumber,ArBalance;$expand=AgencyBranches($select=Id;$expand=AgencyBranch($select=Id,Name;$expand=Agency($select=Id,Code,Name)))),StudentEnrollmentPeriod($select=Id,EnrollmentNumber,AccountReceivableBalance;$expand=ProgramVersion($select=Id,Code,Name;$expand=Degree($select=Id,Name)),GradeScale($select=Id,Code,Name),AcademicYears($select=Id,AcademicYearId,Sequence,StartDate,EndDate,FirstAwardYear),ExtendedProperties($select=Name,StringValue)),BankAccount($select=AccountName,Currency,AccountNumber,GlCreditAccount,GlDebitAccount),ExtendedProperties($select=Name,StringValue),StudentAward($select=Id;$expand=FundSource($select=Code,Name))",


    //"AnthologyConfig:Charges": "https://sisclientweb-101053.campusnexus.cloud/ds/campusnexus/StudentAccountTransactions?$filter=(Type eq 'I' or Type eq 'C' or Type eq 'D' or Type eq 'P') and (CreatedDateTime gt {currentDate})&$select=StudentId,ReceiptNumber,AcademicYearSequence,Type,Source,PaymentType,AmountPaid,Reference,CheckNumber,Id,PostDate,TransactionNumber,TransactionAmount,CreatedDateTime,BillingTransactionCode,Status,Description,TransactionDate,LastModifiedDateTime,RefundId,ReceiptPrintedDate&$expand=Term($select=Id,Name),Campus($select=Id,Name,Code),Student($select=Id,StudentNumber,ArBalance;$expand=AgencyBranches($select=Id;$expand=AgencyBranch($select=Id,Name;$expand=Agency($select=Id,Code,Name)))),StudentEnrollmentPeriod($select=Id,EnrollmentNumber,AccountReceivableBalance;$expand=ProgramVersion($select=Id,Code,Name;$expand=Degree($select=Id,Name)),GradeScale($select=Id,Code,Name),AcademicYears($select=Id,AcademicYearId,Sequence,StartDate,EndDate,FirstAwardYear),ExtendedProperties($select=Name,StringValue)),BankAccount($select=AccountName,Currency,AccountNumber,GlCreditAccount,GlDebitAccount),ExtendedProperties($select=Name,StringValue)",
    //"AnthologyConfig:ChargesFA": "https://sisclientweb-101053.campusnexus.cloud/ds/campusnexus/StudentAccountTransactions?$filter=(Type eq 'I' or Type eq 'C' or Type eq 'D' or Type eq 'P') and (CreatedDateTime gt {currentDate})&$select=StudentId,ReceiptNumber,AcademicYearSequence,Type,Source,PaymentType,AmountPaid,Reference,CheckNumber,Id,PostDate,TransactionNumber,TransactionAmount,CreatedDateTime,BillingTransactionCode,Status,Description,TransactionDate,LastModifiedDateTime,RefundId,ReceiptPrintedDate&$expand=Term($select=Id,Name),Campus($select=Id,Name,Code),Student($select=Id,StudentNumber,ArBalance;$expand=AgencyBranches($select=Id;$expand=AgencyBranch($select=Id,Name;$expand=Agency($select=Id,Code,Name)))),StudentEnrollmentPeriod($select=Id,EnrollmentNumber,AccountReceivableBalance;$expand=ProgramVersion($select=Id,Code,Name;$expand=Degree($select=Id,Name)),GradeScale($select=Id,Code,Name),AcademicYears($select=Id,AcademicYearId,Sequence,StartDate,EndDate,FirstAwardYear),ExtendedProperties($select=Name,StringValue)),BankAccount($select=AccountName,Currency,AccountNumber,GlCreditAccount,GlDebitAccount),ExtendedProperties($select=Name,StringValue),StudentAward($select=Id;$expand=FundSource($select=Code,Name))",


    //"AnthologyConfig:Charges": "https://sisclientweb-test-101053.campusnexus.cloud/ds/campusnexus/StudentAccountTransactions?$filter=(Type eq 'I' or Type eq 'C' or Type eq 'D' or Type eq 'P')  and (CreatedDateTime gt 2025-07-17T00:00:00Z)&$select=StudentId,ReceiptNumber,AcademicYearSequence,Type,Source,PaymentType,AmountPaid,Id,PostDate,TransactionNumber,TransactionAmount,CreatedDateTime,LastModifiedDateTime,BillingTransactionCode,Status,Description,Reference,TransactionDate,RefundId,ReceiptPrintedDate&$expand=Term($select=Id,Name),Campus($select=Id,Name,Code),Student($select=Id,StudentNumber,ArBalance;$expand=AgencyBranches($select=Id;$expand=AgencyBranch($select=Id,Name;$expand=Agency($select=Id,Code,Name)))),StudentEnrollmentPeriod($select=Id,EnrollmentNumber,AccountReceivableBalance;$expand=ProgramVersion($select=Id,Code,Name;$expand=Degree($select=Id,Name)),GradeScale($select=Id,Code,Name),AcademicYears($select=Id,AcademicYearId,Sequence,StartDate,EndDate,FirstAwardYear)),BankAccount($select=AccountName,Currency,AccountNumber,GlCreditAccount,GlDebitAccount),ExtendedProperties($select=Name,StringValue)",
    //"AnthologyConfig:ChargesFA": "https://sisclientweb-test-101053.campusnexus.cloud/ds/campusnexus/StudentAccountTransactions?$filter=(Type eq 'I' or Type eq 'C' or Type eq 'D' or Type eq 'P')  and (CreatedDateTime gt 2025-07-17T00:00:00Z)&$select=StudentId,ReceiptNumber,Type,Source,Id,TransactionNumber,TransactionAmount,CreatedDateTime,TransactionDate&$expand=Student($select=Id,StudentNumber),StudentAward($select=Id;$expand=FundSource($select=Code,Name))",

    //Prod API
    //"AnthologyConfig:Charges": "https://sisclientweb-101053.campusnexus.cloud/ds/campusnexus/StudentAccountTransactions?$filter=(Type eq 'I' or Type eq 'C' or Type eq 'D' or Type eq 'P') and (CreatedDateTime gt {currentDate})&$select=StudentId,ReceiptNumber,AcademicYearSequence,Type,Source,PaymentType,AmountPaid,Reference,CheckNumber,Id,PostDate,TransactionNumber,TransactionAmount,CreatedDateTime,BillingTransactionCode,Status,Description,TransactionDate,LastModifiedDateTime,RefundId,ReceiptPrintedDate&$expand=Term($select=Id,Name),Campus($select=Id,Name,Code),Student($select=Id,StudentNumber,ArBalance;$expand=AgencyBranches($select=Id;$expand=AgencyBranch($select=Id,Name;$expand=Agency($select=Id,Code,Name)))),StudentEnrollmentPeriod($select=Id,EnrollmentNumber,AccountReceivableBalance;$expand=ProgramVersion($select=Id,Code,Name;$expand=Degree($select=Id,Name)),GradeScale($select=Id,Code,Name),AcademicYears($select=Id,AcademicYearId,Sequence,StartDate,EndDate,FirstAwardYear)),BankAccount($select=AccountName,Currency),ExtendedProperties($select=Name,StringValue)",
    //"AnthologyConfig:ChargesFA": "https://sisclientweb-101053.campusnexus.cloud/ds/campusnexus/StudentAccountTransactions?$filter=(Type eq 'I' or Type eq 'C' or Type eq 'D' or Type eq 'P') and (CreatedDateTime gt {currentDate})&$select=StudentId,ReceiptNumber,AcademicYearSequence,Type,Source,PaymentType,AmountPaid,Reference,CheckNumber,Id,PostDate,TransactionNumber,TransactionAmount,CreatedDateTime,BillingTransactionCode,Status,Description,TransactionDate,LastModifiedDateTime,RefundId,ReceiptPrintedDate&$expand=Term($select=Id,Name),Campus($select=Id,Name,Code),Student($select=Id,StudentNumber,ArBalance;$expand=AgencyBranches($select=Id;$expand=AgencyBranch($select=Id,Name;$expand=Agency($select=Id,Code,Name)))),StudentEnrollmentPeriod($select=Id,EnrollmentNumber,AccountReceivableBalance;$expand=ProgramVersion($select=Id,Code,Name;$expand=Degree($select=Id,Name)),GradeScale($select=Id,Code,Name),AcademicYears($select=Id,AcademicYearId,Sequence,StartDate,EndDate,FirstAwardYear)),BankAccount($select=AccountName,Currency),ExtendedProperties($select=Name,StringValue),StudentAward($select=Id;$expand=FundSource($select=Code,Name))",

    "Creden:AnthologyUsername": "yogendra.yadav@ext.schiller.edu",
    "Creden:AnthologyPassword": "Varun@!988",
    //"Unit4Api:BaseUrl": "https://ubw-preview.unit4cloud.com/uk_glb_prev_webapi/v1/customers?companyId=US1",
    //"Unit4Api:BaseUrl2": "https://ubw-preview.unit4cloud.com/uk_glb_prev_webapi/v1/customers",

    "Creden:Unit4Username": "U4INTEGRA1",
    "Creden:Unit4Password": "poHq7WJn2wDzcF",
    //U4 accept01
    "Unit4Api:BaseUrl": "https://ubw-accept01.unit4cloud.com/uk_glb_acpt_webapi/v1/customers?companyId=US1",
    "Unit4Api:BaseUrl2": "https://ubw-accept01.unit4cloud.com/uk_glb_acpt_webapi/v1/customers",
    "Unit4Api:BaseUrl3": "https://ubw-accept01.unit4cloud.com/uk_glb_acpt_webapi/v1",

    //U4 Production
    //"Unit4Api:BaseUrl": "https://ubw.unit4cloud.com/uk_glb_prod_webapi/v1/customers?companyId=US1",
    //"Unit4Api:BaseUrl2": "https://ubw.unit4cloud.com/uk_glb_prod_webapi/v1/customers",
    //"Unit4Api:BaseUrl3": "https://ubw.unit4cloud.com/uk_glb_prod_webapi/v1",

    //Sftp Dev Environmebt 
    "SftpConfig:Hostname": "sftptestunit4.blob.core.windows.net",
    "SftpConfig:Port": "22",
    "SftpConfig:Username": "sftptestunit4.sftpadmin",
    "SftpConfig:Password": "O2F4OuKtkaYE0d2/G6F/eY6egpxjSrvQ",

    //Sftp Prod Test Environment
    //"SftpConfig:Hostname": "prodsftptestunit4.blob.core.windows.net",
    //"SftpConfig:Port": "22",
    //"SftpConfig:Username": "prodsftptestunit4.sftpadmin",
    //"SftpConfig:Password": "rKI5iGbWacbYXffJw4Ld35BLd93NfjkL",

    //Sftp Preview Envirionment
    //"SftpConfig:Hostname": "uks-gateway.unit4cloud.com",
    //"SftpConfig:Port": "41667",
    //"SftpConfig:Username": "SFTP-IMP-glb-prev",
    //"SftpConfig:Password": "uMH.t52,XzhkUGPg(VmA",

    //Sftp Acpt01 Envirionment
    //"SftpConfig:Hostname": "uks-gateway.unit4cloud.com",
    //"SftpConfig:Port": "41667",
    //"SftpConfig:Username": "SFTP-IMP-glb-acpt",
    //"SftpConfig:Password": "e&d)7JgjhyGQ+tC*4pFP",

    //Sftp UAT Envirionment
    //"SftpConfig:Hostname": "uks-gateway.unit4cloud.com",
    //"SftpConfig:Port": "41667",
    //"SftpConfig:Username": "SFTP-CF1-UK-GLB-ACP2",
    //"SftpConfig:Password": "tFRoOflG.rKxwINhHAX3C",

    "FeatureFlags:FunctionEnabled": true,
    "Storage:StorageAccountConnectionString": "DefaultEndpointsProtocol=https;AccountName=u4data;AccountKey=qosZ+LRmDfn+hvmUSNWH66rsxEVBAYakiAStJofSSyo1Jx3b22ocTgak9TJ0KbRzEuVv+P2oRomX+AStq3T+Hg==;EndpointSuffix=core.windows.net",
    "File:CreateFileContainer": "createfile",
    "Log:LogFileContainer": "logfile",
    //LG04 fix values
    "Lg04Values:BaseBatchId": "SCHLG04",
    "Lg04Values:Client": "US1",
    "Lg04Values:VoucherType": "19",
    "Lg04Values:SequenceNo": 0,
    "Lg04Values:Responsible1": "ANTHOLOGY",
    "Lg04Values:Responsible2": "ANTHOLOGY",
    "Lg04Values:TransType": "42",
    "Lg04Values:LineNoHeader": "0",
    "Lg04Values:LineNoValue": "1",
    "Lg04Values:AmountSet": "1",
    "Lg04Values:Att1Id": "C1",
    "Lg04Values:Att2Id": "ZB65",
    "Lg04Values:Att3Id": "D0",
    "Lg04Values:Att4Id": "ZB28",
    "Lg04Values:Att5Id": "ZB27",
    "Lg04Values:Att6Id": "ZB34",
    "Lg04Values:Att7Id": "A28",

    //Mail setting
    "Mail:RecipientEmails": "yyadav1@geduservices.com,1vkyadav@geduservices.com,1vaggarwal@geduservices.com",
    "Mail:Subject": "Error occurred in Student/Customer addition in Unit4",
    "Mail:MailServer": "smtp.office365.com",
    "Mail:MailPort": "587",
    "Mail:SenderEmail": "unit4logs@geduservices.com",
    "Mail:SenderPassword": "Unit4@123"
  } 
}