Account,Accountable,Address,AllocationKey,Amount,AmountSet,AparId,AparIdRef,AparName,ArtDescr,Article,Att1Id,Att2Id,Att3Id,Att4Id,Att5Id,Att6Id,Att7Id,BankAccount,BatchId,Client,ClientRef,ConfirmDate,Control,CurAmount,Currency,DelMetDescr,DelTermDescr,DelivAddr,DelivAttn,DelivCountr,DelivDate,DelivMethod,DelivTerms,Dim1,Dim2,Dim3,Dim4,Dim5,Dim6,Dim7,DimValue1,DimValue2,DimValue3,DimValue4,DimValue5,DimValue6,DimValue7,Discount,DiscPercent,Ean,ExchRate,ExtOrdRef,IntruleId,LineNo,Location,LongInfo1,LongInfo2,Lot,MainAparId,MarkAttention,MarkCtryCd,Markings,ObsDate,OrderDate,OrderId,OrderType,PayMethod,PayTempId,Period,Place,Province,RelValue,Responsible,Responsible2,SequenceNo,SequenceRef,SerialNo,ShortInfo,Status,SupArticle,TaxCode,TaxSystem,TemplateId,TermsId,Text1,Text2,Text3,Text4,TransType,UnitCode,UnitDescr,UnitPrice,Value1,VoucherRef,VoucherType,Warehouse,ZipCode,PartnerCode,Intake,City
,,,,,,00097757,,,,,C1,ZB65,,ZB28,ZB27,ZB34,A28,,SCHLG04_20251105_2350,US1,,,,,EUR,,,,,,,,,,,,,,,,1920001,2025-26,,,HD,00097757,KIPSIUGER,,,,,,,0,,,,,00097757,,,,,20251015,1,,,,,,,,ANTHOLOGY,ANTHOLOGY,0,,,,,,,,,,,,,,42,,,,,,20,,,,,
,,,,52040,1,,,,,CURTRAN,,,,,,,,,SCHLG04_20251105_2350,US1,,,,52040,,,,,,,,,,1920001,US1,KIPSIUUSA,,,UG,KIPSIUGER,,,,,,,,,,,,,,1,,,,,,,,,,,1,,,,,,,,,,,,,,,,,,,,,,,,42,,,,100,,,,,,,
,,,,-368040,1,,,,,C33VB,,,,,,,,,SCHLG04_20251105_2350,US1,,,,-368040,,,,,,,,,,1920002,US1,KIPSIUUSA,,,,KIPSIUGER,,,,,,,,,,,,,,2,,,,,,,,,,,1,,,,,,,,,,,,,,,,,,,,,,,,42,,,,100,,,,,,,
,,,,,,00099482,,,,,C1,ZB65,,ZB28,ZB27,ZB34,A28,,SCHLG04_20251105_2350,US1,,,,,EUR,,,,,,,,,,,,,,,,1920001,APP,,,HD,00099482,KIPSIUGER,,,,,,,0,,,,,00099482,,,,,20251105,2,,,,,,,,ANTHOLOGY,ANTHOLOGY,0,,,,,,,,,,,,,,42,,,,,,20,,,,,
,,,,120000,1,,,,,HD,,,,,,,,,SCHLG04_20251105_2350,US1,,,,120000,,,,,,,,,,1920001,APP,HD,,HD,UG,KIPSIUGER,,,,,,,,,,,,,,1,,,,,,,,,,,2,,,,,,,,,,,,,,,,,,,,,,,,42,,,,100,,,,,,,
,,,,,,00099663,,,,,C1,ZB65,,ZB28,ZB27,ZB34,A28,,SCHLG04_20251105_2350,US1,,,,,EUR,,,,,,,,,,,,,,,,1930001,APP,,,MADRID,00099663,KIPSIUSPA,,,,,Reverse o,,0,,,,,00099663,,,,,20251031,3,,,,,,,,ANTHOLOGY,ANTHOLOGY,0,,,,,,,,,,,,,,42,,,,,,19,,,,,
,,,,-441600,1,,,,,TUITDEP,,,,,,,,,SCHLG04_20251105_2350,US1,,,,-441600,,,,,,,,,,1930001,APP,TUITDEP,,MADRID,GRAD,KIPSIUSPA,,,,,,,,,,,,,,1,,,,,,,,,,,3,,,,,,,,,,,,,,,,,,,,,,,,42,,,,100,,,,,,,
,,,,,,00099888,,,,,C1,ZB65,,ZB28,ZB27,ZB34,A28,,SCHLG04_20251105_2350,US1,,,,,EUR,,,,,,,,,,,,,,,,1930001,APP,,,MADRID,00099888,KIPSIUSPA,,,,,Tuition D,,0,,,,,00099888,,,,,20251105,4,,,,,,,,ANTHOLOGY,ANTHOLOGY,0,,,,,,,,,,,,,,42,,,,,,19,,,,,
,,,,431760,1,,,,,TUITDEP,,,,,,,,,SCHLG04_20251105_2350,US1,,,,431760,,,,,,,,,,1930001,APP,TUITDEP,,MADRID,UG,KIPSIUSPA,,,,,,,,,,,,,,1,,,,,,,,,,,4,,,,,,,,,,,,,,,,,,,,,,,,42,,,,100,,,,,,,
,,,,,,00098953,,,,,C1,ZB65,,ZB28,ZB27,ZB34,A28,,SCHLG04_20251105_2350,US1,,,,,USD,,,,,,,,,,,,,,,,1910101,2025-26,,,FLORIDA,00098953,KIPSIUUSA,,,,,167534,,0,,,,,00098953,,,,,20251105,5,,,,,,,,ANTHOLOGY,ANTHOLOGY,0,,,,,,,,,,,,,,42,,,,,,20,,,,,
,,,,15600,1,,,,,SEOGMAT-USA,,,,,,,,,SCHLG04_20251105_2350,US1,,,,15600,,,,,,,,,,,,SEOGMAT-USA,,FLORIDA,HED,KIPSIUUSA,,,,,,,,,,,,,,1,,,,,,,,,,,5,,,,,,,,,,,,,,,,,,,,,,,,42,,,,100,,,,,,,
,,,,,,00097235,,,,,C1,ZB65,,ZB28,ZB27,ZB34,A28,,SCHLG04_20251105_2350,US1,,,,,EUR,,,,,,,,,,,,,,,,1930001,2025-26,,,MADRID,00097235,KIPSIUSPA,,,,,167534,,0,,,,,00097235,,,,,20251105,6,,,,,,,,ANTHOLOGY,ANTHOLOGY,0,,,,,,,,,,,,,,42,,,,,,20,,,,,
,,,,-31300,1,,,,,SEOGMAT,,,,,,,,,SCHLG04_20251105_2350,US1,,,,-31300,,,,,,,,,,1930002,,SEOGMAT,,MADRID,HED,KIPSIUSPA,,,,,,,,,,,,,,1,,,,,,,,,,,6,,,,,,,,,,,,,,,,,,,,,,,,42,,,,100,,,,,,,
